PRAGMA foreign_keys=OFF;
BEGIN TRANSACTION;
CREATE TABLE IF NOT EXISTS "django_migrations" ("id" integer NOT NULL PRIMARY KEY AUTOINCREMENT, "app" varchar(255) NOT NULL, "name" varchar(255) NOT NULL, "applied" datetime NOT NULL);
INSERT INTO django_migrations VALUES(1,'contenttypes','0001_initial','2024-03-30 10:59:40.317030');
INSERT INTO django_migrations VALUES(2,'auth','0001_initial','2024-03-30 10:59:40.390196');
INSERT INTO django_migrations VALUES(3,'admin','0001_initial','2024-03-30 10:59:40.445160');
INSERT INTO django_migrations VALUES(4,'admin','0002_logentry_remove_auto_add','2024-03-30 10:59:40.514842');
INSERT INTO django_migrations VALUES(5,'admin','0003_logentry_add_action_flag_choices','2024-03-30 10:59:40.573201');
INSERT INTO django_migrations VALUES(6,'contenttypes','0002_remove_content_type_name','2024-03-30 10:59:40.628367');
INSERT INTO django_migrations VALUES(7,'auth','0002_alter_permission_name_max_length','2024-03-30 10:59:40.680633');
INSERT INTO django_migrations VALUES(8,'auth','0003_alter_user_email_max_length','2024-03-30 10:59:40.721309');
INSERT INTO django_migrations VALUES(9,'auth','0004_alter_user_username_opts','2024-03-30 10:59:40.763954');
INSERT INTO django_migrations VALUES(10,'auth','0005_alter_user_last_login_null','2024-03-30 10:59:40.816689');
INSERT INTO django_migrations VALUES(11,'auth','0006_require_contenttypes_0002','2024-03-30 10:59:40.828699');
INSERT INTO django_migrations VALUES(12,'auth','0007_alter_validators_add_error_messages','2024-03-30 10:59:40.870957');
INSERT INTO django_migrations VALUES(13,'auth','0008_alter_user_username_max_length','2024-03-30 10:59:40.937653');
INSERT INTO django_migrations VALUES(14,'auth','0009_alter_user_last_name_max_length','2024-03-30 10:59:40.977850');
INSERT INTO django_migrations VALUES(15,'auth','0010_alter_group_name_max_length','2024-03-30 10:59:41.009585');
INSERT INTO django_migrations VALUES(16,'auth','0011_update_proxy_permissions','2024-03-30 10:59:41.027775');
INSERT INTO django_migrations VALUES(17,'auth','0012_alter_user_first_name_max_length','2024-03-30 10:59:41.076474');
INSERT INTO django_migrations VALUES(18,'sessions','0001_initial','2024-03-30 10:59:41.097800');
INSERT INTO django_migrations VALUES(19,'wisapp','0001_initial','2024-03-30 10:59:41.146756');
INSERT INTO django_migrations VALUES(20,'wisapp','0002_userprofile_favorite_albums_and_more','2024-03-30 10:59:41.331902');
INSERT INTO django_migrations VALUES(21,'wisapp','0003_userprofile_instagram_link_userprofile_spotify_link_and_more','2024-03-30 10:59:41.406441');
INSERT INTO django_migrations VALUES(22,'wisapp','0004_bandprofile_individualprofile_delete_userprofile','2024-04-16 09:39:45.990594');
INSERT INTO django_migrations VALUES(23,'wisapp','0005_remove_bandprofile_social_media_reach_and_more','2024-04-16 09:39:46.038212');
INSERT INTO django_migrations VALUES(24,'wisapp','0006_remove_bandprofile_record_label','2024-04-16 09:39:46.071870');
INSERT INTO django_migrations VALUES(25,'wisapp','0007_remove_individualprofile_user_userprofile_and_more','2024-04-16 09:39:46.131539');
INSERT INTO django_migrations VALUES(26,'wisapp','0008_events','2024-04-16 09:40:22.159212');
INSERT INTO django_migrations VALUES(27,'wisapp','0009_event_delete_events','2024-04-16 11:13:18.010271');
INSERT INTO django_migrations VALUES(28,'wisapp','0010_remove_userprofile_upcoming_events_and_more','2024-04-25 16:15:06.471940');
INSERT INTO django_migrations VALUES(29,'wisapp','0011_artist_remove_event_artist_name_and_more','2024-04-29 12:50:42.121150');
INSERT INTO django_migrations VALUES(30,'wisapp','0012_album_cover_url','2024-04-29 12:50:42.128599');
INSERT INTO django_migrations VALUES(31,'wisapp','0013_artist_spotify_id','2024-04-29 12:50:42.136995');
INSERT INTO django_migrations VALUES(32,'wisapp','0014_remove_userprofile_favorite_artists_and_more','2024-04-29 12:50:42.213046');
INSERT INTO django_migrations VALUES(33,'wisapp','0015_event_photo','2024-04-30 14:20:44.182863');
INSERT INTO django_migrations VALUES(34,'wisapp','0016_rename_name_artist_artist_name_and_more','2024-04-30 14:24:21.710796');
INSERT INTO django_migrations VALUES(35,'wisapp','0017_rename_artist_name_artist_name_and_more','2024-04-30 14:33:51.344205');
INSERT INTO django_migrations VALUES(36,'wisapp','0018_rename_event_photo_event_photo','2024-04-30 15:01:34.153756');
INSERT INTO django_migrations VALUES(37,'wisapp','0019_remove_userprofile_favorite_albums_and_more','2024-05-11 15:54:02.210817');
INSERT INTO django_migrations VALUES(38,'wisapp','0020_album_spotify_url','2024-05-11 15:54:02.223206');
INSERT INTO django_migrations VALUES(39,'wisapp','0021_news','2024-05-11 15:54:02.250593');
INSERT INTO django_migrations VALUES(40,'wisapp','0022_news_image_url','2024-05-11 15:54:02.266281');
INSERT INTO django_migrations VALUES(41,'wisapp','0023_alter_news_publication_date','2024-05-11 15:54:02.283054');
INSERT INTO django_migrations VALUES(42,'wisapp','0024_alter_news_publication_date','2024-05-11 15:54:02.301903');
CREATE TABLE IF NOT EXISTS "auth_group_permissions" ("id" integer NOT NULL PRIMARY KEY AUTOINCREMENT, "group_id" integer NOT NULL REFERENCES "auth_group" ("id") DEFERRABLE INITIALLY DEFERRED, "permission_id" integer NOT NULL REFERENCES "auth_permission" ("id") DEFERRABLE INITIALLY DEFERRED);
CREATE TABLE IF NOT EXISTS "auth_user_groups" ("id" integer NOT NULL PRIMARY KEY AUTOINCREMENT, "user_id" integer NOT NULL REFERENCES "auth_user" ("id") DEFERRABLE INITIALLY DEFERRED, "group_id" integer NOT NULL REFERENCES "auth_group" ("id") DEFERRABLE INITIALLY DEFERRED);
CREATE TABLE IF NOT EXISTS "auth_user_user_permissions" ("id" integer NOT NULL PRIMARY KEY AUTOINCREMENT, "user_id" integer NOT NULL REFERENCES "auth_user" ("id") DEFERRABLE INITIALLY DEFERRED, "permission_id" integer NOT NULL REFERENCES "auth_permission" ("id") DEFERRABLE INITIALLY DEFERRED);
CREATE TABLE IF NOT EXISTS "django_admin_log" ("id" integer NOT NULL PRIMARY KEY AUTOINCREMENT, "object_id" text NULL, "object_repr" varchar(200) NOT NULL, "action_flag" smallint unsigned NOT NULL CHECK ("action_flag" >= 0), "change_message" text NOT NULL, "content_type_id" integer NULL REFERENCES "django_content_type" ("id") DEFERRABLE INITIALLY DEFERRED, "user_id" integer NOT NULL REFERENCES "auth_user" ("id") DEFERRABLE INITIALLY DEFERRED, "action_time" datetime NOT NULL);
INSERT INTO django_admin_log VALUES(1,'1','Ennio Morricone',1,'[{"added": {}}]',10,4,'2024-04-30 15:10:36.380202');
INSERT INTO django_admin_log VALUES(2,'2','céline Dion',1,'[{"added": {}}]',10,4,'2024-04-30 15:12:12.711284');
INSERT INTO django_admin_log VALUES(3,'3','Two steps from Hell',1,'[{"added": {}}]',10,4,'2024-04-30 15:13:21.121555');
INSERT INTO django_admin_log VALUES(4,'3','Berlin',2,'[{"changed": {"fields": ["Photo", "Artist name"]}}]',9,4,'2024-04-30 15:15:43.495020');
INSERT INTO django_admin_log VALUES(5,'2','Toronto',2,'[{"changed": {"fields": ["Photo", "Artist name"]}}]',9,4,'2024-04-30 15:16:00.500640');
INSERT INTO django_admin_log VALUES(6,'1','Paris',2,'[{"changed": {"fields": ["Photo", "Artist name"]}}]',9,4,'2024-04-30 15:16:22.005977');
INSERT INTO django_admin_log VALUES(7,'1','album Morricone',1,'[{"added": {}}]',11,4,'2024-05-05 14:56:12.188373');
INSERT INTO django_admin_log VALUES(8,'1','Ennio Morricone',2,'[{"changed": {"fields": ["Spotify id"]}}]',10,4,'2024-05-05 15:07:01.421150');
INSERT INTO django_admin_log VALUES(9,'2','céline Dion',2,'[{"changed": {"fields": ["Spotify id"]}}]',10,4,'2024-05-11 15:59:29.989304');
INSERT INTO django_admin_log VALUES(10,'3','Two steps from Hell',2,'[{"changed": {"fields": ["Spotify id"]}}]',10,4,'2024-05-11 15:59:38.650696');
INSERT INTO django_admin_log VALUES(11,'1','album Morricone',2,'[{"changed": {"fields": ["Spotify url"]}}]',11,4,'2024-05-13 13:48:48.955748');
INSERT INTO django_admin_log VALUES(12,'1','News 1',1,'[{"added": {}}]',12,4,'2024-05-13 13:50:06.877779');
INSERT INTO django_admin_log VALUES(13,'4','John Page',3,'',10,4,'2024-05-13 14:57:49.515026');
INSERT INTO django_admin_log VALUES(14,'3','mvaughn''s profile',3,'',7,4,'2024-05-13 14:58:14.148368');
INSERT INTO django_admin_log VALUES(15,'2','Céline Dion',2,'[{"changed": {"fields": ["Name"]}}]',10,4,'2024-05-13 15:05:06.862829');
INSERT INTO django_admin_log VALUES(16,'3','Two steps from Hell',2,'[{"changed": {"fields": ["Genre", "Bio"]}}]',10,4,'2024-05-13 15:05:48.294851');
INSERT INTO django_admin_log VALUES(17,'2','Céline Dion',2,'[{"changed": {"fields": ["Genre", "Bio"]}}]',10,4,'2024-05-13 15:07:00.915930');
INSERT INTO django_admin_log VALUES(18,'1','Ennio Morricone',2,'[{"changed": {"fields": ["Genre", "Bio"]}}]',10,4,'2024-05-13 15:08:03.947504');
INSERT INTO django_admin_log VALUES(19,'5','Dalle Ardenne all''Inferno',1,'[{"added": {}}]',11,4,'2024-05-13 15:12:58.061150');
INSERT INTO django_admin_log VALUES(20,'6','Once upon a time in the west',1,'[{"added": {}}]',11,4,'2024-05-13 15:15:52.520877');
INSERT INTO django_admin_log VALUES(21,'3','Two steps from Hell',2,'[{"changed": {"fields": ["Bio"]}}]',10,4,'2024-05-13 15:17:45.648762');
INSERT INTO django_admin_log VALUES(22,'7','A New Day Has Come',1,'[{"added": {}}]',11,4,'2024-05-13 15:24:04.558461');
INSERT INTO django_admin_log VALUES(23,'1','Film music',2,'[{"changed": {"fields": ["Name", "Genre", "Release date", "Spotify url"]}}]',11,4,'2024-05-13 15:26:07.100667');
INSERT INTO django_admin_log VALUES(24,'8','Invicible',1,'[{"added": {}}]',11,4,'2024-05-13 15:32:02.408781');
INSERT INTO django_admin_log VALUES(25,'2','Céline Dion',2,'[{"changed": {"fields": ["Bio"]}}]',10,4,'2024-05-14 08:49:10.974211');
INSERT INTO django_admin_log VALUES(26,'1','Ennio Morricone',2,'[]',10,4,'2024-05-14 08:49:51.651997');
INSERT INTO django_admin_log VALUES(27,'2','Céline Dion',2,'[]',10,4,'2024-05-14 08:50:02.289318');
INSERT INTO django_admin_log VALUES(28,'2','Céline Dion',2,'[{"changed": {"fields": ["Spotify id"]}}]',10,4,'2024-05-14 08:50:41.689929');
INSERT INTO django_admin_log VALUES(29,'3','Two steps from Hell',2,'[{"changed": {"fields": ["Spotify id"]}}]',10,4,'2024-05-14 08:51:38.497218');
INSERT INTO django_admin_log VALUES(30,'9','Victory',1,'[{"added": {}}]',11,4,'2024-05-14 08:54:01.845288');
INSERT INTO django_admin_log VALUES(31,'10','My Love',1,'[{"added": {}}]',11,4,'2024-05-14 08:56:51.244177');
INSERT INTO django_admin_log VALUES(32,'3','Berlin',2,'[{"changed": {"fields": ["Description"]}}]',9,4,'2024-05-14 09:00:22.168585');
INSERT INTO django_admin_log VALUES(33,'2','Toronto',2,'[]',9,4,'2024-05-14 09:02:32.978503');
INSERT INTO django_admin_log VALUES(34,'3','Berlin',2,'[]',9,4,'2024-05-14 09:02:57.002832');
INSERT INTO django_admin_log VALUES(35,'5','Prague',1,'[{"added": {}}]',9,4,'2024-05-14 09:04:21.041577');
INSERT INTO django_admin_log VALUES(36,'3','Berlin',2,'[{"changed": {"fields": ["Date"]}}]',9,4,'2024-05-14 09:04:29.662174');
INSERT INTO django_admin_log VALUES(37,'2','Toronto',2,'[{"changed": {"fields": ["Date", "Description"]}}]',9,4,'2024-05-14 09:05:49.190500');
INSERT INTO django_admin_log VALUES(38,'6','Ottawa',1,'[{"added": {}}]',9,4,'2024-05-14 09:06:52.605912');
INSERT INTO django_admin_log VALUES(39,'6','Ottawa',2,'[]',9,4,'2024-05-14 09:07:32.581961');
INSERT INTO django_admin_log VALUES(40,'6','Ottawa',2,'[{"changed": {"fields": ["Photo"]}}]',9,4,'2024-05-14 09:08:47.327006');
INSERT INTO django_admin_log VALUES(41,'1','Dublin',2,'[{"changed": {"fields": ["Location", "Date", "Description"]}}]',9,4,'2024-05-14 09:11:08.383118');
INSERT INTO django_admin_log VALUES(42,'7','London',1,'[{"added": {}}]',9,4,'2024-05-14 09:11:56.151948');
INSERT INTO django_admin_log VALUES(43,'1','Celine Dion Announces Surprise Plan to Return to Stage',2,'[{"changed": {"fields": ["Title", "Content", "Publication date", "Artist", "Image url"]}}]',12,4,'2024-05-14 09:17:33.506584');
INSERT INTO django_admin_log VALUES(44,'1','Celine Dion Announces Surprise Plan to Return to Stage',2,'[{"changed": {"fields": ["Image url"]}}]',12,4,'2024-05-14 09:18:31.408020');
INSERT INTO django_admin_log VALUES(45,'1','Celine Dion Announces Surprise Plan to Return to Stage',2,'[{"changed": {"fields": ["Image url"]}}]',12,4,'2024-05-14 09:19:09.481534');
INSERT INTO django_admin_log VALUES(46,'3','Two Steps from Hell release a new album!',1,'[{"added": {}}]',12,4,'2024-05-14 09:21:07.745115');
INSERT INTO django_admin_log VALUES(47,'3','Two Steps from Hell release a new album!',2,'[]',12,4,'2024-05-14 09:53:05.923920');
INSERT INTO django_admin_log VALUES(48,'4','Ennio Morricone, Iconic FIlm Composer, Has Died At Age 91',1,'[{"added": {}}]',12,4,'2024-05-14 09:55:05.353564');
INSERT INTO django_admin_log VALUES(49,'4','Ennio Morricone, Iconic FIlm Composer, Has Died At Age 91',2,'[{"changed": {"fields": ["Image url"]}}]',12,4,'2024-05-14 09:56:24.401269');
INSERT INTO django_admin_log VALUES(50,'5','Jonita Gandhi',1,'[{"added": {}}]',10,4,'2024-05-14 10:14:53.072094');
INSERT INTO django_admin_log VALUES(51,'11','Love like that',1,'[{"added": {}}]',11,4,'2024-05-14 10:18:04.675977');
INSERT INTO django_admin_log VALUES(52,'12','Arabic Kuthu',1,'[{"added": {}}]',11,4,'2024-05-14 10:21:33.266022');
INSERT INTO django_admin_log VALUES(53,'5','Jonita Gandhi was rejected from Canadian Idol. Now she''s behind some of Bollywood''s biggest hits',1,'[{"added": {}}]',12,4,'2024-05-14 10:26:39.982907');
INSERT INTO django_admin_log VALUES(54,'5','Jonita Gandhi was rejected from Canadian Idol.',2,'[{"changed": {"fields": ["Title"]}}]',12,4,'2024-05-14 10:27:17.045398');
INSERT INTO django_admin_log VALUES(55,'5','Jonita Gandhi was rejected from Canadian Idol.',3,'',12,4,'2024-05-14 10:28:13.471199');
INSERT INTO django_admin_log VALUES(56,'8','Washington',1,'[{"added": {}}]',9,4,'2024-05-14 10:31:56.472117');
INSERT INTO django_admin_log VALUES(57,'6','Akriti Kakar',1,'[{"added": {}}]',10,4,'2024-05-14 10:36:02.443820');
INSERT INTO django_admin_log VALUES(58,'6','Akriti Kakar',2,'[{"changed": {"fields": ["Spotify id"]}}]',10,4,'2024-05-14 10:36:52.062269');
INSERT INTO django_admin_log VALUES(59,'13','Big Band Theory 2',1,'[{"added": {}}]',11,4,'2024-05-14 10:39:29.507155');
INSERT INTO django_admin_log VALUES(60,'9','Bombay',1,'[{"added": {}}]',9,4,'2024-05-14 13:19:34.578633');
INSERT INTO django_admin_log VALUES(61,'9','Bombay',2,'[{"changed": {"fields": ["Description"]}}]',9,4,'2024-05-14 13:20:04.773636');
INSERT INTO django_admin_log VALUES(62,'7','Bad Bunny',1,'[{"added": {}}]',10,4,'2024-05-14 13:28:54.877364');
INSERT INTO django_admin_log VALUES(63,'14','Nadie sabe',1,'[{"added": {}}]',11,4,'2024-05-14 13:30:28.648142');
INSERT INTO django_admin_log VALUES(64,'15','El ultimo tour del mundo',1,'[{"added": {}}]',11,4,'2024-05-14 13:33:22.220822');
INSERT INTO django_admin_log VALUES(65,'10','Atlanta',1,'[{"added": {}}]',9,4,'2024-05-14 13:39:30.162235');
INSERT INTO django_admin_log VALUES(66,'8','test',1,'[{"added": {}}]',10,4,'2024-05-15 12:41:20.085145');
INSERT INTO django_admin_log VALUES(67,'8','test',3,'',10,4,'2024-05-15 12:42:00.763740');
INSERT INTO django_admin_log VALUES(68,'1','Celine Dion Announces Surprise Plan to Return to Stage',2,'[{"changed": {"fields": ["Content"]}}]',12,4,'2024-05-18 12:25:31.501266');
INSERT INTO django_admin_log VALUES(69,'3','Two Steps from Hell release a new album!',2,'[{"changed": {"fields": ["Content"]}}]',12,4,'2024-05-18 12:29:12.341769');
INSERT INTO django_admin_log VALUES(70,'2','Céline Dion',2,'[{"changed": {"fields": ["Photo"]}}]',10,4,'2024-05-18 17:17:05.912396');
INSERT INTO django_admin_log VALUES(71,'7','Bad Bunny',2,'[{"changed": {"fields": ["Photo"]}}]',10,4,'2024-05-18 17:18:30.228527');
INSERT INTO django_admin_log VALUES(72,'6','Akriti Kakar',2,'[{"changed": {"fields": ["Photo"]}}]',10,4,'2024-05-18 17:19:44.012985');
INSERT INTO django_admin_log VALUES(73,'5','Jonita Gandhi',2,'[{"changed": {"fields": ["Photo"]}}]',10,4,'2024-05-18 17:21:21.056522');
INSERT INTO django_admin_log VALUES(74,'5','Jonita Gandhi',2,'[{"changed": {"fields": ["Photo"]}}]',10,4,'2024-05-18 17:21:46.099415');
INSERT INTO django_admin_log VALUES(75,'5','Jonita Gandhi',2,'[{"changed": {"fields": ["Genre"]}}]',10,6,'2024-05-18 18:49:06.741815');
INSERT INTO django_admin_log VALUES(76,'7','Bad Bunny',2,'[{"changed": {"fields": ["Genre"]}}]',10,6,'2024-05-18 18:50:01.336113');
INSERT INTO django_admin_log VALUES(77,'6','Akriti Kakar',2,'[{"changed": {"fields": ["Genre"]}}]',10,6,'2024-05-18 18:50:54.858841');
INSERT INTO django_admin_log VALUES(78,'5','Jonita Gandhi',2,'[]',10,6,'2024-05-18 18:50:57.873639');
INSERT INTO django_admin_log VALUES(79,'3','Two steps from Hell',2,'[]',10,6,'2024-05-18 18:51:01.529188');
INSERT INTO django_admin_log VALUES(80,'2','Céline Dion',2,'[{"changed": {"fields": ["Genre"]}}]',10,6,'2024-05-18 18:51:17.768762');
INSERT INTO django_admin_log VALUES(81,'1','Ennio Morricone',2,'[{"changed": {"fields": ["Genre"]}}]',10,6,'2024-05-18 18:51:35.925642');
INSERT INTO django_admin_log VALUES(82,'9','Quevedo',1,'[{"added": {}}]',10,6,'2024-05-18 18:52:49.734749');
INSERT INTO django_admin_log VALUES(83,'10','Mora',1,'[{"added": {}}]',10,6,'2024-05-18 18:54:13.740770');
INSERT INTO django_admin_log VALUES(84,'11','Headhunterz',1,'[{"added": {}}]',10,6,'2024-05-18 18:56:45.268175');
INSERT INTO django_admin_log VALUES(85,'12','Post Malone',1,'[{"added": {}}]',10,6,'2024-05-18 18:58:39.821558');
INSERT INTO django_admin_log VALUES(86,'13','Rotten XIII',1,'[{"added": {}}]',10,6,'2024-05-18 19:00:46.199497');
INSERT INTO django_admin_log VALUES(87,'14','Snow Tha Product',1,'[{"added": {}}]',10,6,'2024-05-18 19:02:18.056004');
INSERT INTO django_admin_log VALUES(88,'16','Austin',1,'[{"added": {}}]',11,6,'2024-05-18 19:04:25.751419');
INSERT INTO django_admin_log VALUES(89,'17','Studio Sessions',1,'[{"added": {}}]',11,6,'2024-05-18 19:05:54.576349');
INSERT INTO django_admin_log VALUES(90,'18','Aurrera',1,'[{"added": {}}]',11,6,'2024-05-18 19:07:07.881948');
INSERT INTO django_admin_log VALUES(91,'19','Half Way There... Pt. 1',1,'[{"added": {}}]',11,6,'2024-05-18 19:08:21.045707');
INSERT INTO django_admin_log VALUES(92,'6','Headhunterz Is Retiring From Performing',1,'[{"added": {}}]',12,6,'2024-05-18 19:11:42.222471');
INSERT INTO django_admin_log VALUES(93,'7','Quevedo, at 22, temporarily retires from music: "I am not a machine"',1,'[{"added": {}}]',12,6,'2024-05-18 19:13:02.187321');
INSERT INTO django_admin_log VALUES(94,'8','Watch Post Malone Debut New Country Song “Never Love You Again” At The ACM Awards',1,'[{"added": {}}]',12,6,'2024-05-18 19:14:05.937471');
INSERT INTO django_admin_log VALUES(95,'9','BAD BUNNY SWARMED BY FANS & PHONES IN NASHVILLE Looking Like Mad Bunny',1,'[{"added": {}}]',12,6,'2024-05-18 19:15:19.807941');
INSERT INTO django_admin_log VALUES(96,'9','BAD BUNNY SWARMED BY FANS & PHONES IN NASHVILLE Looking Like Mad Bunny',2,'[]',12,6,'2024-05-18 19:16:17.057537');
INSERT INTO django_admin_log VALUES(97,'10','WATCH: Snow Tha Product Joins Bizarrap in Mexico City Concert',1,'[{"added": {}}]',12,6,'2024-05-18 19:17:29.511398');
INSERT INTO django_admin_log VALUES(98,'14','Snow Tha Product',2,'[{"changed": {"fields": ["Photo"]}}]',10,6,'2024-05-18 19:20:24.180368');
INSERT INTO django_admin_log VALUES(99,'11','Headhunterz',2,'[{"changed": {"fields": ["Photo"]}}]',10,6,'2024-05-18 19:21:21.318958');
CREATE TABLE IF NOT EXISTS "django_content_type" ("id" integer NOT NULL PRIMARY KEY AUTOINCREMENT, "app_label" varchar(100) NOT NULL, "model" varchar(100) NOT NULL);
INSERT INTO django_content_type VALUES(1,'admin','logentry');
INSERT INTO django_content_type VALUES(2,'auth','permission');
INSERT INTO django_content_type VALUES(3,'auth','group');
INSERT INTO django_content_type VALUES(4,'auth','user');
INSERT INTO django_content_type VALUES(5,'contenttypes','contenttype');
INSERT INTO django_content_type VALUES(6,'sessions','session');
INSERT INTO django_content_type VALUES(7,'wisapp','userprofile');
INSERT INTO django_content_type VALUES(8,'wisapp','events');
INSERT INTO django_content_type VALUES(9,'wisapp','event');
INSERT INTO django_content_type VALUES(10,'wisapp','artist');
INSERT INTO django_content_type VALUES(11,'wisapp','album');
INSERT INTO django_content_type VALUES(12,'wisapp','news');
CREATE TABLE IF NOT EXISTS "auth_permission" ("id" integer NOT NULL PRIMARY KEY AUTOINCREMENT, "content_type_id" integer NOT NULL REFERENCES "django_content_type" ("id") DEFERRABLE INITIALLY DEFERRED, "codename" varchar(100) NOT NULL, "name" varchar(255) NOT NULL);
INSERT INTO auth_permission VALUES(1,1,'add_logentry','Can add log entry');
INSERT INTO auth_permission VALUES(2,1,'change_logentry','Can change log entry');
INSERT INTO auth_permission VALUES(3,1,'delete_logentry','Can delete log entry');
INSERT INTO auth_permission VALUES(4,1,'view_logentry','Can view log entry');
INSERT INTO auth_permission VALUES(5,2,'add_permission','Can add permission');
INSERT INTO auth_permission VALUES(6,2,'change_permission','Can change permission');
INSERT INTO auth_permission VALUES(7,2,'delete_permission','Can delete permission');
INSERT INTO auth_permission VALUES(8,2,'view_permission','Can view permission');
INSERT INTO auth_permission VALUES(9,3,'add_group','Can add group');
INSERT INTO auth_permission VALUES(10,3,'change_group','Can change group');
INSERT INTO auth_permission VALUES(11,3,'delete_group','Can delete group');
INSERT INTO auth_permission VALUES(12,3,'view_group','Can view group');
INSERT INTO auth_permission VALUES(13,4,'add_user','Can add user');
INSERT INTO auth_permission VALUES(14,4,'change_user','Can change user');
INSERT INTO auth_permission VALUES(15,4,'delete_user','Can delete user');
INSERT INTO auth_permission VALUES(16,4,'view_user','Can view user');
INSERT INTO auth_permission VALUES(17,5,'add_contenttype','Can add content type');
INSERT INTO auth_permission VALUES(18,5,'change_contenttype','Can change content type');
INSERT INTO auth_permission VALUES(19,5,'delete_contenttype','Can delete content type');
INSERT INTO auth_permission VALUES(20,5,'view_contenttype','Can view content type');
INSERT INTO auth_permission VALUES(21,6,'add_session','Can add session');
INSERT INTO auth_permission VALUES(22,6,'change_session','Can change session');
INSERT INTO auth_permission VALUES(23,6,'delete_session','Can delete session');
INSERT INTO auth_permission VALUES(24,6,'view_session','Can view session');
INSERT INTO auth_permission VALUES(25,7,'add_userprofile','Can add user profile');
INSERT INTO auth_permission VALUES(26,7,'change_userprofile','Can change user profile');
INSERT INTO auth_permission VALUES(27,7,'delete_userprofile','Can delete user profile');
INSERT INTO auth_permission VALUES(28,7,'view_userprofile','Can view user profile');
INSERT INTO auth_permission VALUES(29,8,'add_events','Can add events');
INSERT INTO auth_permission VALUES(30,8,'change_events','Can change events');
INSERT INTO auth_permission VALUES(31,8,'delete_events','Can delete events');
INSERT INTO auth_permission VALUES(32,8,'view_events','Can view events');
INSERT INTO auth_permission VALUES(33,9,'add_event','Can add event');
INSERT INTO auth_permission VALUES(34,9,'change_event','Can change event');
INSERT INTO auth_permission VALUES(35,9,'delete_event','Can delete event');
INSERT INTO auth_permission VALUES(36,9,'view_event','Can view event');
INSERT INTO auth_permission VALUES(37,10,'add_artist','Can add artist');
INSERT INTO auth_permission VALUES(38,10,'change_artist','Can change artist');
INSERT INTO auth_permission VALUES(39,10,'delete_artist','Can delete artist');
INSERT INTO auth_permission VALUES(40,10,'view_artist','Can view artist');
INSERT INTO auth_permission VALUES(41,11,'add_album','Can add album');
INSERT INTO auth_permission VALUES(42,11,'change_album','Can change album');
INSERT INTO auth_permission VALUES(43,11,'delete_album','Can delete album');
INSERT INTO auth_permission VALUES(44,11,'view_album','Can view album');
INSERT INTO auth_permission VALUES(45,12,'add_news','Can add news');
INSERT INTO auth_permission VALUES(46,12,'change_news','Can change news');
INSERT INTO auth_permission VALUES(47,12,'delete_news','Can delete news');
INSERT INTO auth_permission VALUES(48,12,'view_news','Can view news');
CREATE TABLE IF NOT EXISTS "auth_group" ("id" integer NOT NULL PRIMARY KEY AUTOINCREMENT, "name" varchar(150) NOT NULL UNIQUE);
CREATE TABLE IF NOT EXISTS "auth_user" ("id" integer NOT NULL PRIMARY KEY AUTOINCREMENT, "password" varchar(128) NOT NULL, "last_login" datetime NULL, "is_superuser" bool NOT NULL, "username" varchar(150) NOT NULL UNIQUE, "last_name" varchar(150) NOT NULL, "email" varchar(254) NOT NULL, "is_staff" bool NOT NULL, "is_active" bool NOT NULL, "date_joined" datetime NOT NULL, "first_name" varchar(150) NOT NULL);
INSERT INTO auth_user VALUES(1,'pbkdf2_sha256$720000$EbdOZyGVzZVoEAYMuoqNO2$O0WB9XJt3GBbq78+LcTvjBK8lBFyNxhKE81a3iM9Qk4=','2024-04-25 16:02:40.860423',0,'test','','test@gmail.com',0,1,'2024-04-10 09:39:57.354283','');
INSERT INTO auth_user VALUES(2,'pbkdf2_sha256$720000$pFxXI0spBpZIIxuZ4JmzP3$mjGBPKu7aSW9H2tMZZBMVhS2aNBRWb0R1M/cY8/Pgwo=','2024-04-17 14:45:50.076487',1,'alban','','albandursel@hotmail.com',1,1,'2024-04-16 09:44:02.346433','');
INSERT INTO auth_user VALUES(3,'pbkdf2_sha256$720000$dNDUR1nwzyo0Wiypbgb27g$99ojWRe8NbchCZG0kkXRWDyXdrnn+SRiHqGxu9zoUcU=','2024-05-15 12:52:30.512548',0,'alban2','','alban@gmail.com',0,1,'2024-04-25 16:04:49.329570','');
INSERT INTO auth_user VALUES(4,'pbkdf2_sha256$720000$4tN4tuynSZo19aXcqgrp2I$OK+w96+GjoZys7UA2ehD8VpiyjALYT7E37wMOxjfaxs=','2024-05-18 17:12:47.337878',1,'yolo','','yolo@gmail.com',1,1,'2024-04-25 16:07:27.483224','');
INSERT INTO auth_user VALUES(5,'pbkdf2_sha256$720000$QcfIOOtWMR7iMKFbiyMJ38$dEACYDl6TtGTz63Kwx5PBhZq1ZkCUpQo8sSEKcNyUXU=',NULL,0,'mvaughn','','ngay@example.net',0,1,'2024-05-13 14:34:16.108461','');
INSERT INTO auth_user VALUES(6,'pbkdf2_sha256$720000$uDuOxbkAtKIZcatvhEB3rY$P7nCRMkHYIirRSabXYNaMCDVBsD2CMeTi7HRlwoZ6no=','2024-05-18 18:46:51.053848',1,'eneko98','','enekovalero@gmail.com',1,1,'2024-05-18 18:46:32.234801','');
CREATE TABLE IF NOT EXISTS "django_session" ("session_key" varchar(40) NOT NULL PRIMARY KEY, "session_data" text NOT NULL, "expire_date" datetime NOT NULL);
INSERT INTO django_session VALUES('ylu9e48uwyfyc05eu0u8va4lkrm6e8eb','.eJxVjDsOwyAQBe9CHSEDa9akTO8zWMsuBCcRlvypotw9QnKRtG9m3ltNdOxlOra0TrOoq7Lq8rtF4meqDciD6n3RvNR9naNuij7ppsdF0ut2un8HhbbS6uxySJwZwAg4DpDIeOkAYJDIjCIY0fYDuRT77LPpAiLZ4MkhYVSfLw3WOJ8:1rwfMR:vWojTLA98xDPlYaTsBP7_3Xx1iSwyS3WVr4IZsX2FEY','2024-04-30 09:44:19.029776');
INSERT INTO django_session VALUES('knfg3ydetpeomf3dwueytzdewjrydoqf','.eJxVjDsOwyAQBe9CHSEDa9akTO8zWMsuBCcRlvypotw9QnKRtG9m3ltNdOxlOra0TrOoq7Lq8rtF4meqDciD6n3RvNR9naNuij7ppsdF0ut2un8HhbbS6uxySJwZwAg4DpDIeOkAYJDIjCIY0fYDuRT77LPpAiLZ4MkhYVSfLw3WOJ8:1rx6Xm:YNNBgfxUcy_nfGLFm1IhyPZkyECAtubGw_XumLTAPoA','2024-05-01 14:45:50.086039');
INSERT INTO django_session VALUES('sehb7nz5w0k5qdq7c7ot6qhvtlo37cm1','.eJxVjEEOwiAQRe_C2pBCp8zUpfuegQwwStVAUtqV8e7apAvd_vfefynP25r91mTxc1JnBer0uwWODyk7SHcut6pjLesyB70r-qBNTzXJ83K4fweZW_7WbN0VAuBgDYvDkCI4Q0OAKGyC7VFopI460_eUGJ1EQBwdEgCxE1HvD9i-N1o:1s01ik:QnBq3z-nLKO2NtQj5_93qsETDeR8tjeUKZeFUXnKdzg','2024-05-09 16:13:14.307116');
INSERT INTO django_session VALUES('advvkyn7z71xovhspqztfqg3j54tgzyi','.eJxVjEEOwiAQRe_C2pBCp8zUpfuegQwwStVAUtqV8e7apAvd_vfefynP25r91mTxc1JnBer0uwWODyk7SHcut6pjLesyB70r-qBNTzXJ83K4fweZW_7WbN0VAuBgDYvDkCI4Q0OAKGyC7VFopI460_eUGJ1EQBwdEgCxE1HvD9i-N1o:1s1oMi:kquiHKU-xdyv5CPZ00utEITKNGwmgqo_tmP_g_8mYz0','2024-05-14 14:21:52.876479');
INSERT INTO django_session VALUES('y8syvdwpx2egf0b7y37s64bb1vsgxubn','.eJxVjEEOwiAQRe_C2pBCp8zUpfuegQwwStVAUtqV8e7apAvd_vfefynP25r91mTxc1JnBer0uwWODyk7SHcut6pjLesyB70r-qBNTzXJ83K4fweZW_7WbN0VAuBgDYvDkCI4Q0OAKGyC7VFopI460_eUGJ1EQBwdEgCxE1HvD9i-N1o:1s3dFO:jWYsMDQ9DGcrhG4ERUzZZDOaH2RKIlIN2J3MW_2mxc8','2024-05-19 14:53:50.538526');
INSERT INTO django_session VALUES('znd3suyd384q4ut14a5qgwyqi6lri7g9','.eJxVjEEOwiAQRe_C2pBCp8zUpfuegQwwStVAUtqV8e7apAvd_vfefynP25r91mTxc1JnBer0uwWODyk7SHcut6pjLesyB70r-qBNTzXJ83K4fweZW_7WbN0VAuBgDYvDkCI4Q0OAKGyC7VFopI460_eUGJ1EQBwdEgCxE1HvD9i-N1o:1s5p7V:aULP3FeJLY2vrC97b2nItgMwUswpX2h08-fQOTleb3E','2024-05-25 15:58:45.241306');
INSERT INTO django_session VALUES('42p5g5aezr2z0whmto11wt80r0zra3ey','.eJxVjEEOwiAQRe_C2pBCp8zUpfuegQwwStVAUtqV8e7apAvd_vfefynP25r91mTxc1JnBer0uwWODyk7SHcut6pjLesyB70r-qBNTzXJ83K4fweZW_7WbN0VAuBgDYvDkCI4Q0OAKGyC7VFopI460_eUGJ1EQBwdEgCxE1HvD9i-N1o:1s6Wn9:jxieFwS0psVJ7G4gpG32Im7ZKl3CfGLwluX_ctNIQtY','2024-05-27 14:36:39.247715');
INSERT INTO django_session VALUES('tqnqkxhsj9b2cqweepcpc67jca0ir3sa','.eJxVjMEOwiAQRP-FsyFg2QU8eu83EGBXqRpISnsy_rtt0oPeJvPezFuEuC4lrJ3nMJG4iEGcfrsU85PrDugR673J3OoyT0nuijxol2Mjfl0P9--gxF62tfIMrBRoZ5i1IYxITltEN2QmT6CYARPGfLbW3dB4pzIBsN4iYBafL9N6N2Q:1s6ssF:GZTJYLorfX1KL3D3jw3HZCszYqoWSqY5u2GkZoNRRVc','2024-05-28 14:11:23.049275');
INSERT INTO django_session VALUES('z1afg1zclveqcekpg4mk3bif0c6gqhhh','.eJxVjMEOwiAQRP-FsyFg2QU8eu83EGBXqRpISnsy_rtt0oPeJvPezFuEuC4lrJ3nMJG4iEGcfrsU85PrDugR673J3OoyT0nuijxol2Mjfl0P9--gxF62tfIMrBRoZ5i1IYxITltEN2QmT6CYARPGfLbW3dB4pzIBsN4iYBafL9N6N2Q:1s7E7S:jji-DHaGObGkj97lnIigEdcaYhjP5Obf5xLaHQ9uJak','2024-05-29 12:52:30.527248');
INSERT INTO django_session VALUES('43v1m6qisduxgc35xbts2tockqd7epbi','.eJxVjEEOwiAQRe_C2pBCp8zUpfuegQwwStVAUtqV8e7apAvd_vfefynP25r91mTxc1JnBer0uwWODyk7SHcut6pjLesyB70r-qBNTzXJ83K4fweZW_7WbN0VAuBgDYvDkCI4Q0OAKGyC7VFopI460_eUGJ1EQBwdEgCxE1HvD9i-N1o:1s8J5I:iok2FlPc9yPCr-kDq4ccksbj355dUkbtoxlSNOhX3Fk','2024-06-01 12:22:44.180036');
INSERT INTO django_session VALUES('uk0x4324hpv39pbnlmzpd3f1o71g8yeb','.eJxVjEEOwiAQRe_C2pBCp8zUpfuegQwwStVAUtqV8e7apAvd_vfefynP25r91mTxc1JnBer0uwWODyk7SHcut6pjLesyB70r-qBNTzXJ83K4fweZW_7WbN0VAuBgDYvDkCI4Q0OAKGyC7VFopI460_eUGJ1EQBwdEgCxE1HvD9i-N1o:1s8Nbz:aws9MndsVgh_ujaNutloxabQRQzw5FgzpoKgxDQP5QQ','2024-06-01 17:12:47.347563');
INSERT INTO django_session VALUES('369u88zauchbtxilupdyy0hvcvrzzwje','.eJxVzMEOwiAQBNB_4WwI0C0Fj977DWRht1I1NCntyfjv0qQHvc68mbcIuG857JXXMJO4Cisuv1nE9ORyFPTAcl9kWsq2zlEeRJ5tleNC_Lqd9u8gY81tHRnQ9NYaosFo00PnkusYQDPrBJNXHgG90tYpBtMIqokHTWRtE1p8vssLNzM:1s8P51:VAy7adHfyorRqse66YiGZM-o4w2sVhFkIluq3e3Dfqc','2024-06-01 18:46:51.077256');
CREATE TABLE IF NOT EXISTS "wisapp_userprofile" ("id" integer NOT NULL PRIMARY KEY AUTOINCREMENT, "bio" text NOT NULL, "profile_picture" varchar(100) NULL, "instagram_link" varchar(200) NULL, "spotify_link" varchar(200) NULL, "twitter_link" varchar(200) NULL, "user_id" integer NOT NULL UNIQUE REFERENCES "auth_user" ("id") DEFERRABLE INITIALLY DEFERRED);
INSERT INTO wisapp_userprofile VALUES(1,'','',NULL,NULL,NULL,2);
INSERT INTO wisapp_userprofile VALUES(2,'','',NULL,NULL,NULL,4);
INSERT INTO wisapp_userprofile VALUES(4,'','',NULL,NULL,NULL,3);
INSERT INTO wisapp_userprofile VALUES(5,'','',NULL,NULL,NULL,6);
CREATE TABLE IF NOT EXISTS "wisapp_userprofile_upcoming_events" ("id" integer NOT NULL PRIMARY KEY AUTOINCREMENT, "userprofile_id" bigint NOT NULL REFERENCES "wisapp_userprofile" ("id") DEFERRABLE INITIALLY DEFERRED, "event_id" bigint NOT NULL REFERENCES "wisapp_event" ("id") DEFERRABLE INITIALLY DEFERRED);
INSERT INTO wisapp_userprofile_upcoming_events VALUES(2,2,3);
INSERT INTO wisapp_userprofile_upcoming_events VALUES(6,2,2);
INSERT INTO wisapp_userprofile_upcoming_events VALUES(7,2,1);
INSERT INTO wisapp_userprofile_upcoming_events VALUES(8,4,8);
INSERT INTO wisapp_userprofile_upcoming_events VALUES(9,4,10);
CREATE TABLE IF NOT EXISTS "wisapp_artist" ("id" integer NOT NULL PRIMARY KEY AUTOINCREMENT, "name" varchar(100) NOT NULL, "photo" varchar(200) NOT NULL, "genre" varchar(50) NOT NULL, "bio" text NOT NULL, "spotify_id" varchar(50) NULL);
INSERT INTO wisapp_artist VALUES(1,'Ennio Morricone','https://external-content.duckduckgo.com/iu/?u=https%3A%2F%2Ftse3.mm.bing.net%2Fth%3Fid%3DOIP.788TojVTsAg-oqRTzzuKLAHaE3%26pid%3DApi&f=1&ipt=b184bb68a0ec3f9a86914331ba570b1be44c626bb296922e422487e0169b','Classical','Ennio Morricone was an Italian composer, orchestrator, conductor, trumpeter, and pianist who wrote music in a wide range of styles.','1nIUhcKHnK6iyumRyoV68C');
INSERT INTO wisapp_artist VALUES(2,'Céline Dion','https://external-content.duckduckgo.com/iu/?u=https%3A%2F%2Ftse4.mm.bing.net%2Fth%3Fid%3DOIP.1TEzqySqddYp3Q7jREZGkQHaEu%26pid%3DApi&f=1&ipt=a1940fca7e9a00248ac28c3abac9521767020268e2f2727237ffde419b69','Pop','Céline Marie Claudette Dion born 30 March 1968 is a Canadian singer. Referred to as the "Queen of Power Ballads", she is noted for her powerful and technically skilled vocals. Her music has incorporated genres such as pop, rock, R&B, gospel, and classical music. Her recordings have been mainly in English and French, although she has also sung in Spanish, Italian, German, Latin, Japanese, and Chinese.','4S9EykWXhStSc15wEx8QFK');
INSERT INTO wisapp_artist VALUES(3,'Two steps from Hell','https://external-content.duckduckgo.com/iu/?u=https%3A%2F%2Ftse2.mm.bing.net%2Fth%3Fid%3DOIP.owdYw5u10cMF6rknhcGmSQHaF_%26pid%3DApi&f=1&ipt=3c7f1fb98ab969d4b1cd0118bc61c2ef0d5c28bb808fb37519319c1eb9df','Epic music','Two Steps from Hell was a production music company based in Los Angeles, California. It was founded in 2006 by Thomas Bergersen and Nick Phoenix, a pair of composers born in Norway and England respectively.','2qvP9yerCZCS0U1gZU8wYp');
INSERT INTO wisapp_artist VALUES(5,'Jonita Gandhi','https://external-content.duckduckgo.com/iu/?u=https%3A%2F%2Ftse1.mm.bing.net%2Fth%3Fid%3DOIP.rhChBfi9xWqUOLns6mQDSAHaE0%26pid%3DApi&f=1&ipt=f663b99d6d7e96477a5b109f098d5f799ca0864216341388ab9fe2911a7f','Classical','Jonita Gandhi (born October 23, 1989) is a Canadian singer of Indian descent. She has recorded songs predominantly in Hindi and Tamil languages with few in Punjabi, Telugu, Marathi, Gujarati, Bengali, Kannada and Malayalam languages. Some of her most acclaimed songs include "The Breakup Song", "Mental Manadhil", "Chellama" and "Arabic Kuthu". She is also well known for her YouTube presence. Her singing debut started through Chennai Express in 2013.','00sCATpEvwH48ays7PlQFU');
INSERT INTO wisapp_artist VALUES(6,'Akriti Kakar','https://external-content.duckduckgo.com/iu/?u=https%3A%2F%2Ftse4.mm.bing.net%2Fth%3Fid%3DOIP.HyjMLvWsKRKrjQJ7ZVW3ngHaEH%26pid%3DApi&f=1&ipt=056e6b87838c20bda3d1a840b2c2b48c6d2cc82bb3c7d86253445c7d826c','Indian Pop',replace(replace('Akriti Kakar is an Indian singer. Her songs, "Saturday Saturday" from the film Humpty Sharma Ki Dulhania and "Iski Uski" from 2 States became popular. Akriti was a judge on Zee Bangla''s Sa Re Ga Ma Pa: Li''l Champs and was going to appear on Colors (TV channel)''s Jhalak Dikhhla Jaa.\r\n\r\nKakar was born and brought up in Delhi. She has two sisters, twins Sukriti Kakar and Prakriti Kakar, who are also professional playback singers.Kakar married director Chirag Arora in March 2016. They had a son in November 2023.','\r',char(13)),'\n',char(10)),'0le3G5nxaIL8ecHpBA6LPW');
INSERT INTO wisapp_artist VALUES(7,'Bad Bunny','https://external-content.duckduckgo.com/iu/?u=https%3A%2F%2Ftse1.mm.bing.net%2Fth%3Fid%3DOIP.PdA5LllqQvmMBQvldpD3EAHaE7%26pid%3DApi&f=1&ipt=43e86a766e55acf890ecd69abb8455f766cd974dc007d2442744e73e53fe','Rap','Benito Antonio Martínez Ocasio (born March 10, 1994), known professionally as Bad Bunny, is a Puerto Rican rapper, singer, and record producer. He is known as the "King of Latin Trap". Bad Bunny is the first non-English-language act to become Spotify''s most streamed artist of the year (he led Spotify''s list from 2020 to 2022). He holds the second-biggest streaming year of any artist in Spotify history, generating over 18.5 billion streams in 2022. As of December 2023, his album Un Verano Sin Ti is the most streamed album on Spotify with over 14 billion streams.','4q3ewBCX7sLwd24euuV69X');
INSERT INTO wisapp_artist VALUES(9,'Quevedo','https://i.scdn.co/image/ab6761610000e5eb6bb5ca52323ab20a1bd5db9c','Reggaeton','Pedro Luis Domínguez Quevedo (born 7 December 2001), known professionally as Quevedo, is a Spanish singer and songwriter. In a period of two years Quevedo has achieved five number-one songs in Spain, those being "Cayó la Noche", "Quevedo: Bzrp Music Sessions, Vol. 52", "Apa", "Playa del Inglés" and "Columbia" as well as leading six other singles to the top 10.','52iwsT98xCoGgiGntTiR7K');
INSERT INTO wisapp_artist VALUES(10,'Mora','https://i.scdn.co/image/ab6761610000e5ebc8f6d4d6eb8e7dd5206bd5f4','Hip-Hop/Rap','Gabriel Armando Mora Quintero, better known in the music world as Mora, is an outstanding Puerto Rican singer, composer and record producer who has managed to conquer the industry with his talent and charisma, and who will be at this Viña del Mar Festival 2024.','0Q8NcsJwoCbZOHHW63su5S');
INSERT INTO wisapp_artist VALUES(11,'Headhunterz','https://geo-media.beatport.com/image_size/590x404/785aae24-4424-4ec5-8b10-9e7bbf19be1a.jpg','Hardstyle','Willem Rebergen, better known by his stage name Headhunterz, is a Dutch DJ and music producer. Rebergen is also a voice actor. He has done dubbing for several movies and TV series. He started his career in 2005 working on Hardstyle music.','6C0KWmCdqrLU2LzzWBPbOy');
INSERT INTO wisapp_artist VALUES(12,'Post Malone','https://m.media-amazon.com/images/M/MV5BODg4N2I0NmEtNTIyMS00MzVjLThjYzgtODAwMzcwYThkMTVkXkEyXkFqcGdeQXVyMTI2Nzk3NzI4._V1_FMjpg_UX1000_.jpg','Hip-Hop/Rap','Austin Richard Post, known professionally as Post Malone, is an American rapper, singer, songwriter, and record producer. Malone has gained distinction and acclaim for his blending of various genres including hip hop, pop, R&B, and trap.','246dkjvS1zLTtiykXe5h60');
INSERT INTO wisapp_artist VALUES(13,'Rotten XIII','https://lafonoteca.net/wp-content/uploads/2021/02/RottenXIII_banda-scaled.jpg','Ska','Basque Ska Group from Tafalla, Spain','17qPb5DXDDbJixc4cmwJiF');
INSERT INTO wisapp_artist VALUES(14,'Snow Tha Product','https://www.billboard.com/wp-content/uploads/2021/06/Snow-Tha-Product-Press-2021-cr-Courtesy-of-Lyme-Lite-Media-billboard-1548-1625000200.jpg','Rap','Claudia Alexandra Madriz Meza (born June 24, 1987),[1] known professionally as Snow Tha Product, is a Mexican American rapper and singer from San Jose, California. Her debut studio album, Unorthodox (2011) was met with positive critical reception and led her to sign with Atlantic Records the following year. Her commercial mixtape, Half Way There... Pt. 1 (2016) entered the Top Rap Albums chart at number 15. Her other releases failed to chart, leading her to part ways with the label in November 2018.','3p3jPcp8b7WL9XYj4xlsWj');
CREATE TABLE IF NOT EXISTS "wisapp_album" ("id" integer NOT NULL PRIMARY KEY AUTOINCREMENT, "name" varchar(100) NOT NULL, "genre" varchar(50) NOT NULL, "release_date" date NOT NULL, "artist_id" bigint NOT NULL REFERENCES "wisapp_artist" ("id") DEFERRABLE INITIALLY DEFERRED, "cover_url" varchar(200) NULL, "spotify_url" varchar(200) NULL);
INSERT INTO wisapp_album VALUES(1,'Film music','Film music','1974-05-05',1,'https://m.media-amazon.com/images/I/61eIsfVTlmL._SS500_.jpg','https://open.spotify.com/album/1pnX5XR70hyNVlny2AglRY');
INSERT INTO wisapp_album VALUES(5,'Dalle Ardenne all''Inferno','Soundtracks','1967-03-11',1,'https://external-content.duckduckgo.com/iu/?u=https%3A%2F%2Ftse1.mm.bing.net%2Fth%3Fid%3DOIP.T8Q5ySgUYfR4kSVkaH7u6QHaJ-%26pid%3DApi&f=1&ipt=8b2476d9e2b0be71a037e35716c50be26656a66a5002054c8c399b1f1f19','https://open.spotify.com/track/5wUCUrAZPmbWbdJVphTxkn');
INSERT INTO wisapp_album VALUES(6,'Once upon a time in the west','Western','1972-10-02',1,'https://external-content.duckduckgo.com/iu/?u=https%3A%2F%2Ftse1.mm.bing.net%2Fth%3Fid%3DOIP.hMOc30XCYX4iNnyScx-W1QHaHa%26pid%3DApi&f=1&ipt=7aee0afc32ac106581edc9914d76c25adc4769a61f0d8cdfcc783e37c5a1','https://open.spotify.com/album/1mLXrA8oEtzeH6D45Zx4Bt');
INSERT INTO wisapp_album VALUES(7,'A New Day Has Come','Pop','2002-03-25',2,'https://upload.wikimedia.org/wikipedia/en/8/8b/Celine_Dion_-_A_New_Day_Has_Come_album_cover.jpeg','https://open.spotify.com/album/5Aa84ivwPngN4eSORZHJAv');
INSERT INTO wisapp_album VALUES(8,'Invicible','Epic music','2010-05-13',3,'https://upload.wikimedia.org/wikipedia/en/thumb/9/93/TSFH-Invincible-Steven-R-Gilmore.jpg/220px-TSFH-Invincible-Steven-R-Gilmore.jpg','https://open.spotify.com/album/0zOdkaCbYN1B42zw8TUYlY');
INSERT INTO wisapp_album VALUES(9,'Victory','Epic music','2020-05-14',3,'https://external-content.duckduckgo.com/iu/?u=https%3A%2F%2Ftse3.mm.bing.net%2Fth%3Fid%3DOIP.TmCKpuubNeaK4nmg3MP_xwAAAA%26pid%3DApi&f=1&ipt=0411b2b8848aeeadf49af6e8e61121fa5310ce33725f553f8fc85af76ae7','https://open.spotify.com/track/2F9xBxKbx2M0pbgtSu8fLf');
INSERT INTO wisapp_album VALUES(10,'My Love','Singing','2023-03-14',2,'https://external-content.duckduckgo.com/iu/?u=https%3A%2F%2Ftse1.mm.bing.net%2Fth%3Fid%3DOIP._jKqV_kvflFFCRPOlcG0DwHaHa%26pid%3DApi&f=1&ipt=93a355c3bdd05ea2fe49f0cdff38be5d889ebdcd002218adc885590b2e2f','https://open.spotify.com/album/41IwxoZoITRNmQheABRtwc');
INSERT INTO wisapp_album VALUES(11,'Love like that','Singing','2024-01-14',5,'https://external-content.duckduckgo.com/iu/?u=https%3A%2F%2Ftse4.mm.bing.net%2Fth%3Fid%3DOIP.R-i0oeeJdz7MUIwRbfKrEQAAAA%26pid%3DApi&f=1&ipt=1c91ec695ef6372df5e699711373e4179bad5e623cf17d968368106fb2e0','https://open.spotify.com/album/3Y4Bd81VEusw5Hhrp42huC');
INSERT INTO wisapp_album VALUES(12,'Arabic Kuthu','Singing','2022-12-27',5,'https://external-content.duckduckgo.com/iu/?u=https%3A%2F%2Ftse1.mm.bing.net%2Fth%3Fid%3DOIP.A4wQ0BpY7jjoocC2HoqlhAHaHa%26pid%3DApi&f=1&ipt=9763e27ad8886b5f676f4d52ae2ff55fc283354dc1e26769b724de14a658','https://open.spotify.com/album/3OUj9ygj2KRcnKY1a1daGt');
INSERT INTO wisapp_album VALUES(13,'Big Band Theory 2','Singing','2023-04-02',6,'https://external-content.duckduckgo.com/iu/?u=https%3A%2F%2Fis1-ssl.mzstatic.com%2Fimage%2Fthumb%2FMusic116%2Fv4%2F7f%2F88%2F00%2F7f8800e3-5d46-fa5a-8762-3aa45986386b%2F5835.jpg%2F1200x1200bf-60.jpg&f','https://open.spotify.com/album/5poVgYwr0JO5FDwJgxBUnb');
INSERT INTO wisapp_album VALUES(14,'Nadie sabe','rap','2023-02-14',7,'https://external-content.duckduckgo.com/iu/?u=https%3A%2F%2Ftse4.mm.bing.net%2Fth%3Fid%3DOIP.Z5CsYtHH3VCQv1qEw0pfWQHaHa%26pid%3DApi&f=1&ipt=ec9e344545c6bb096c22acecdd85304ec3f490af5b9d67144861d8f8762b','https://open.spotify.com/track/23d8v6tU6lR77pFKsApMtF');
INSERT INTO wisapp_album VALUES(15,'El ultimo tour del mundo','rap','2020-05-28',7,'https://external-content.duckduckgo.com/iu/?u=https%3A%2F%2Ftse1.mm.bing.net%2Fth%3Fid%3DOIP.LmEwqH-PV83AQpvx-10HkwHaEK%26pid%3DApi&f=1&ipt=https://external-content.duckduckgo.com/iu/?u=https%3A%2F%2F','https://open.spotify.com/album/2d9BCZeAAhiZWPpbX9aPCW');
INSERT INTO wisapp_album VALUES(16,'Austin','RAP','2023-07-28',12,'https://substackcdn.com/image/fetch/f_auto,q_auto:good,fl_progressive:steep/https%3A%2F%2Fsubstack-post-media.s3.amazonaws.com%2Fpublic%2Fimages%2F62775445-45b0-4525-bac7-0a8bfa440ccd_2048x2048.jpeg','https://open.spotify.com/intl-es/album/6r1lh7fHMB499vGKtIyJLy');
INSERT INTO wisapp_album VALUES(17,'Studio Sessions','Hardstyle','2010-05-08',11,'https://upload.wikimedia.org/wikipedia/en/d/d2/Studio_Sessions.jpg','https://open.spotify.com/intl-es/album/4PYVPKPWZkfCNVqXBUY3aX');
INSERT INTO wisapp_album VALUES(18,'Aurrera','Ska','2021-06-16',13,'https://f4.bcbits.com/img/a3153424007_65','https://open.spotify.com/intl-es/album/10TYrDC00xra5rfAvOJXF6');
INSERT INTO wisapp_album VALUES(19,'Half Way There... Pt. 1','Rap','2016-06-17',14,'https://upload.wikimedia.org/wikipedia/en/b/b6/Half_Way_There...Pt._1.jpg','https://open.spotify.com/intl-es/album/6yYY1YIGjTk8tPwyTIyx6c');
CREATE TABLE IF NOT EXISTS "wisapp_userprofile_favorite_artists" ("id" integer NOT NULL PRIMARY KEY AUTOINCREMENT, "userprofile_id" bigint NOT NULL REFERENCES "wisapp_userprofile" ("id") DEFERRABLE INITIALLY DEFERRED, "artist_id" bigint NOT NULL REFERENCES "wisapp_artist" ("id") DEFERRABLE INITIALLY DEFERRED);
INSERT INTO wisapp_userprofile_favorite_artists VALUES(4,2,1);
INSERT INTO wisapp_userprofile_favorite_artists VALUES(5,2,6);
INSERT INTO wisapp_userprofile_favorite_artists VALUES(6,2,7);
INSERT INTO wisapp_userprofile_favorite_artists VALUES(7,4,5);
INSERT INTO wisapp_userprofile_favorite_artists VALUES(8,4,3);
INSERT INTO wisapp_userprofile_favorite_artists VALUES(9,4,2);
INSERT INTO wisapp_userprofile_favorite_artists VALUES(10,4,6);
CREATE TABLE IF NOT EXISTS "wisapp_event" ("id" integer NOT NULL PRIMARY KEY AUTOINCREMENT, "location" varchar(100) NOT NULL, "date" date NOT NULL, "description" text NOT NULL, "photo" varchar(200) NULL, "artist_name_id" bigint NULL REFERENCES "wisapp_artist" ("id") DEFERRABLE INITIALLY DEFERRED);
INSERT INTO wisapp_event VALUES(1,'Dublin','2024-07-01','Ennio Morricone''s son, Andrea, will celebrate the music of his father with concerts at London''s The O2 and Dublin''s 3Arena in November 2024, with a set curated by the late Ennio Morricone himself. Catch the concert live by checking tour dates and ticket information below on Stereoboard.','https://external-content.duckduckgo.com/iu/?u=https%3A%2F%2Ftse4.mm.bing.net%2Fth%3Fid%3DOIP.FjSBSewwxC0wRUHEYDDCIgHaHa%26pid%3DApi&f=1&ipt=bdd1cdc856db218e5cb265f09b265aba74d32931f9d2edd0ed1670e1e491',1);
INSERT INTO wisapp_event VALUES(2,'Toronto','2024-09-04','Celine Dion is on tour in 2024 with the Courage World Tour, her first global tour in a decade. It will be her second world tour since beginning her residency at the Colosseum at Caesar''s Palace in Las Vegas, NV. Fans should expect this tour to be different her Las Vegas show with some older favorites and the songs she hopes fans want to hear, according to the singer.','https://external-content.duckduckgo.com/iu/?u=https%3A%2F%2Ftse1.mm.bing.net%2Fth%3Fid%3DOIP.Q-QTJobKxnDRHln87mfwMQHaHa%26pid%3DApi&f=1&ipt=2b9f86dff9ca6b48efa3b3949803d20c4745fdf889a54f8af8516c94acc1',2);
INSERT INTO wisapp_event VALUES(3,'Berlin','2025-03-01','LIVE TOUR. Following successful European performances in summer 2023, Two Steps From Hell Live will rock the stages again in 2024 with their energetic and irresistible live show - this time in the biggest arenas in Europe, featuring the music heard on the new recording with Bergersen, Phoenix and  orchestra.','https://external-content.duckduckgo.com/iu/?u=https%3A%2F%2Ftse3.mm.bing.net%2Fth%3Fid%3DOIP.5RJqjj0_-rCXTejhcnDa2AHaGq%26pid%3DApi&f=1&ipt=03a4fb25bd502783bb529081c0a27257a59d03377c4b6d650f369796ea89',3);
INSERT INTO wisapp_event VALUES(5,'Prague','2024-07-14','LIVE TOUR. Following successful European performances in summer 2023, Two Steps From Hell Live will rock the stages again in 2024 with their energetic and irresistible live show - this time in the biggest arenas in Europe, featuring the music heard on the new recording with Bergersen, Phoenix and  orchestra.','https://external-content.duckduckgo.com/iu/?u=https%3A%2F%2Ftse3.mm.bing.net%2Fth%3Fid%3DOIP.kEPs6oxNwrjRaOcjXmZ26QHaHa%26pid%3DApi&f=1&ipt=de5b528aa64b40350d9116126a7ebb052bc5f73939ab0598ae8ac02b02bd',3);
INSERT INTO wisapp_event VALUES(6,'Ottawa','2024-08-14','Celine Dion is on tour in 2024 with the Courage World Tour, her first global tour in a decade. It will be her second world tour since beginning her residency at the Colosseum at Caesar''s Palace in Las Vegas, NV. Fans should expect this tour to be different her Las Vegas show with some older favorites and the songs she hopes fans want to hear, according to the singer.','https://external-content.duckduckgo.com/iu/?u=https%3A%2F%2Ftse4.mm.bing.net%2Fth%3Fid%3DOIP.tNP5S-MdjFrtWMLbkR9sSAHaFe%26pid%3DApi&f=1&ipt=ca3f7d94b9c754a9dc824f002c44ccdd370e1c54bb1702eec41192695b21',2);
INSERT INTO wisapp_event VALUES(7,'London','2024-08-04','Ennio Morricone''s son, Andrea, will celebrate the music of his father with concerts at London''s The O2 and Dublin''s 3Arena in November 2024, with a set curated by the late Ennio Morricone himself. Catch the concert live by checking tour dates and ticket information below on Stereoboard.','https://external-content.duckduckgo.com/iu/?u=https%3A%2F%2Ftse1.explicit.bing.net%2Fth%3Fid%3DOIP.TNoghqZRZRpKbcgRBw4WKwAAAA%26pid%3DApi&f=1&ipt=01965d4ba37c62574089a7e86fc9fea89d595937d7762110ccf20f',1);
INSERT INTO wisapp_event VALUES(8,'Washington','2024-08-25','Fort Lauderdale, FL - The “Once Upon A Time” Tour, headlined by Anirudh Ravichander and presented by Shri Balaji Entertainment and SlingTV/Dakshin, powered by Kash Patel Productions, with 360 degree production by  Global Rapport Events, is excited to reveal that  Jonita Gandhi, the gifted Indo-Canadian vocalist, will be joining the tour''s upcoming US dates.','https://external-content.duckduckgo.com/iu/?u=https%3A%2F%2Ftse1.mm.bing.net%2Fth%3Fid%3DOIP.hZQg6Jjn6_ZJex1J6KAJUQHaE8%26pid%3DApi&f=1&ipt=07dd2a73ca38b209e2e8436d70db50018c29ee631e666f75b0f554e0b88f',5);
INSERT INTO wisapp_event VALUES(9,'Bombay','2024-09-13','Live show of Akriti Kakar best Hits will take place in Bombay. Reservations opened.','https://external-content.duckduckgo.com/iu/?u=https%3A%2F%2Ftse3.mm.bing.net%2Fth%3Fid%3DOIP.7-t6ZDkhsmedFuvkG24yugHaHa%26pid%3DApi&f=1&ipt=0731d8777449294ce739f282716e0dcf14f00d8e3f7f514d3fb7e3614581',6);
INSERT INTO wisapp_event VALUES(10,'Atlanta','2024-10-21','Bad Bunny makes his return to the stages in 2024 with north america "most wanted tour", which includes two stops at state farm arena.','https://external-content.duckduckgo.com/iu/?u=https%3A%2F%2Ftse1.mm.bing.net%2Fth%3Fid%3DOIP.pDv-7pnoh78ap6BxTlWOOAAAAA%26pid%3DApi&f=1&ipt=360fda2c1cbf85c4bab56a5364e42710c4c141e06b3b49be06448657b791',7);
CREATE TABLE IF NOT EXISTS "wisapp_userprofile_favorite_albums" ("id" integer NOT NULL PRIMARY KEY AUTOINCREMENT, "userprofile_id" bigint NOT NULL REFERENCES "wisapp_userprofile" ("id") DEFERRABLE INITIALLY DEFERRED, "album_id" bigint NOT NULL REFERENCES "wisapp_album" ("id") DEFERRABLE INITIALLY DEFERRED);
INSERT INTO wisapp_userprofile_favorite_albums VALUES(1,2,13);
INSERT INTO wisapp_userprofile_favorite_albums VALUES(3,2,14);
INSERT INTO wisapp_userprofile_favorite_albums VALUES(4,4,13);
INSERT INTO wisapp_userprofile_favorite_albums VALUES(5,4,7);
INSERT INTO wisapp_userprofile_favorite_albums VALUES(6,2,15);
INSERT INTO wisapp_userprofile_favorite_albums VALUES(7,2,7);
CREATE TABLE IF NOT EXISTS "wisapp_news" ("id" integer NOT NULL PRIMARY KEY AUTOINCREMENT, "title" varchar(200) NOT NULL, "content" text NOT NULL, "artist_id" bigint NOT NULL REFERENCES "wisapp_artist" ("id") DEFERRABLE INITIALLY DEFERRED, "image_url" varchar(200) NULL, "publication_date" date NOT NULL);
INSERT INTO wisapp_news VALUES(1,'Celine Dion Announces Surprise Plan to Return to Stage',replace(replace('Via Instagram, singer Celine Dion is speaking openly about her journey as someone with the rare neurological condition stiff person syndrome (SPS), an incurable disorder which causes uncontrollable muscle spasms and pain. The 55-year-old Canadian queen of power ballads also said she’s hopeful she can find a way to perform for audiences again, following an onstage appearance last month.\r\n\r\nThe last few years have been private ones for the “My Heart Will Go On” singer, who announced in late 2022 that she’d been diagnosed with SPS after “dealing with problems with my health for a long time.” The condition had been “causing difficulties when I walk” and was “not allowing me to use my vocal cords to sing the way I’m used to,” the singer said, a challenge that forced her to cancel performances she had planned in 2023.\r\n\r\nSince then, she’s been spotted only briefly—at an NHL game last November, and in a surprise role as a presenter at the Grammys last month. The latter appearance was especially unanticipated by fans, as just a few months before, Dion’s sister, Claudette Dion, said “She doesn’t have control over her muscles.”\r\n\r\nIn an Instagram post published late Friday night, Dion noted, “Today the world recognizes International SPS Awareness Day,” held annually on March 15.\r\n\r\n“As many of you know, in the fall of 2022, I was diagnosed with Stiff Person Syndrome (SPS),” the singer wrote in the caption to a photo of her with her children with her late husband, René Angélil. In the image, she stands in front of a backdrop emblazoned with the logo for go-kart company K1, while sons  René-Charles Angélil and twins Nelson and Eddy Angélil appear to hold trophies from an unspecified event.\r\n\r\n“Trying to overcome this autoimmune disorder has been one of the hardest experiences of my life,” Dion wrote. “But I remain determined to one day get back onto the stage and to live as normal of a life as possible.”\r\n\r\n“I am deeply grateful for the love and support from my kids, family, team and all of you,” Dion wrote in conclusion. “I want to send my encouragement and support to all those around the world that have been affected by SPS. I want you to know you can do it! We can do it!”\r\n\r\nThose eager for more from Dion won’t have to wait until she resumes her tour, it appears. I Am: Celine Dion, a documentary billed as depicting Dion’s “never-before-seen private life” as she “navigates her journey toward living an open and authentic life amidst illness,” is expected to land on Prime Video at some point in coming months. \r\n\r\nIncluded in the film, which was directed by award-winning documentarian Irene Taylor, is reportedly a year’s worth of footage that includes a visit by Dion to her “couture touring wardrobe and personal effects” as well as scenes of the singer in the recording studio.','\r',char(13)),'\n',char(10)),2,'https://external-content.duckduckgo.com/iu/?u=https%3A%2F%2Fs.abcnews.com%2Fimages%2FEntertainment%2FGty_Celine_04_mm_150828_16x9_992.jpg&f=1&nofb=1&ipt=6d3c84ed5a7a5f4edb847672461091127c0d8fa503dd67c','2024-05-09');
INSERT INTO wisapp_news VALUES(3,'Two Steps from Hell release a new album!',replace(replace('Myth is the twelfth and final studio album created by the music production company Two Steps from Hell, released on May 3, 2022. It comprises 21 tracks plus one bonus track, all written by composers Thomas J.\r\n\r\nIt features the return of vocalists Merethe Soltvedt, Felicia Farerre, Uyanga Bold and Asja Kadric as well as performances from cellist Tina Guo, drummer Sam Brashear and guitarist Claudio Pietronik. It primarily features epic hybrid and electronic pieces with a few more traditional fantasy and orchestral ones.','\r',char(13)),'\n',char(10)),3,'https://external-content.duckduckgo.com/iu/?u=https%3A%2F%2Ftse1.mm.bing.net%2Fth%3Fid%3DOIP.2CG3zsaMwGefA-cVIF2HnwHaHa%26pid%3DApi&f=1&ipt=521f79e523f31906e2ccb5d7a2e8b4f533afa11177341bb055c8deb25b57','2024-04-11');
INSERT INTO wisapp_news VALUES(4,'Ennio Morricone, Iconic FIlm Composer, Has Died At Age 91',replace(replace('The iconic score to The Good, the Bad and the Ugly: This is the sound of the American West, at least filtered through the ears of an Italian — specifically, composer Ennio Morricone. He was a giant in the world of film scores who wrote the music for more than 500 movies.\r\n\r\nMorricone died Monday in Rome at the age of 91. The Italian cultural ministry confirmed his death in a statement that called him "a musician of refined skill who with his melodies has been able to excite and make the whole world dream."\r\n\r\nWhen Morricone wrote a score for a Western, he used sneaky tricks to make those evocative sounds, like whistles, animal calls, creaks, gunshots and groans. And his most famous sound?\r\n\r\n"I used a coyote howl: Aie-aie-aaah. That is the theme of the film," Morricone told NPR in 2014.\r\n\r\nfrom https://www.npr.org/2020/07/06/516840947/ennio-morricone-the-sound-of-the-american-west-dies-at-91','\r',char(13)),'\n',char(10)),1,'https://external-content.duckduckgo.com/iu/?u=https%3A%2F%2Ftse3.mm.bing.net%2Fth%3Fid%3DOIP.M503p6TmwNQ3G1Fzm0ABCQHaEK%26pid%3DApi&f=1&ipt=163c9152b30d8d8b1be0622a53b64a656d064344b8a74c36b9f58db2bc51','2020-06-06');
INSERT INTO wisapp_news VALUES(6,'Headhunterz Is Retiring From Performing',replace(replace('Legendary hardstyle producer Headhunterz (real name Willem Rebergen) has revealed his plans to retire from performing as of January 2024 in order to focus on making music.\r\n\r\nTaking to Instagram to announce the news, Rebergen said the tough decision came “from the heart”.\r\n\r\n“I’m slightly nervous recording this, excuse me if I stumble a little bit here and there,” confessed Headhunterz as he addressed his fans in the clip.\r\n\r\n“Lately I’ve been in a good place, that allowed me to take a step back and evaluate a bit my own life and to ask myself important questions … I have something that makes me happy, that makes me wake up every morning with a smile on my face," Headhunterz said.\r\n\r\n"My life feels very meaningful because I am doing something I absolutely love, and that is creating—making music. There''s really not much more I could wish for in this life. I feel lucky having that."\r\n\r\n“There’s also something I couldn’t really answer to myself – why am I still doing this that I know that since years already it’s been a struggle for me and that’s the touring side / DJing / performing,” Headhunterz confessed, adding that it had taken a toll on both his physical and mental health.\r\n\r\n"There are times it has taken a toll—my mental health and physical health," he continued. "Being in the place I am now, I feel ready to enter a new phase to live a little bit more of a balanced, ''normal'' life."\r\n\r\n"Creating something out of nothing, to me, is the most satisfying and most meaningful thing in my life. Even performing in front of huge crowds can not live up to that. For me, that is the ultimate sense of purpose."\r\n\r\nHeadhunterz clarified, “Saying all that sounds like a goodbye, but this really isn’t – I’m just giving up on one thing to be able to fully commit to the other.”\r\n\r\n“I will still continue making hardstyle, that’s the thing I love,” he added, before saying he will continue to perform until the end of December 2023.\r\n\r\nHeadhunterz originally gained notoriety as a DJ at Defqon. 1 Festival, a huge hardstyle event in the Netherlands. Since then, he’s played at every major hardstyle event, including Defqon. 1 Festival, Qlimax, Q-Base, In Qontrol, Decibel and many more.','\r',char(13)),'\n',char(10)),11,'https://media.themusic.com.au/images/standard/news-23/2808-headhunterz-insta.990x660.webp','2024-08-25');
INSERT INTO wisapp_news VALUES(7,'Quevedo, at 22, temporarily retires from music: "I am not a machine"',replace(replace('The Spanish artist promised fans that he has a surprise in store but he did not go into more details.\r\nThe Spanish musician Quevedo announced this Friday that he is pausing his whirlwind of a career until further notice. "I am not a machine," said Pedro Luis Domínguez Quevedo in an Instagram Live, according to 20minutos.\r\n\r\nIn 2023, Quevedo won the award for Best Urban Song at the Latin Grammys for his song Quédate with Bizarrap, in addition to being crowned the artist who sold the most albums in his country and one of the most listened to in Spanish throughout the world.\r\n\r\nDespite acknowledging that he had had "an incredible year," he claimed that it was time to take "a vacation." He did not specify how long he will be away from music. He has also stepped away from social media. He hasn''t posted on Instagram since last Friday.\r\n\r\n"With this live show I wanted to say goodbye to you, thank you for what you have done for me," he told his fans. He told fans that he has a surprise in store but he did not go into more details.\r\n\r\nThe young man from Gran Canaria responded to speculation about his lyrics in Ahora Qué, from last year, where he says "2021 plant, 2022 collect, 2023 crown, 2024 disappear." Will he make a comeback in 2025?','\r',char(13)),'\n',char(10)),9,'https://media.voz.us/wp-offload/prod/wp-content/uploads/2023/08/12162138/FORMATO-IMAGEN-VOZ-MEDIA-19.jpg','2024-01-26');
INSERT INTO wisapp_news VALUES(8,'Watch Post Malone Debut New Country Song “Never Love You Again” At The ACM Awards',replace(replace('Along with Noah Kahan and a surprise Dua Lipa, Post Malone made his debut at the ACMs tonight. The rapper performed a whole set of country covers at Stagecoach a few weeks ago, and this evening he debuted a new country song called “Never Love You Again.” He also played a solo version of “I Had Some Help,” his new Morgan Wallen collab that is expected to debut at #1 on the Hot 100 next week.\r\n“Never Love You Again” presumably comes from Posty’s country album coming later this year. “I have been having so much fun and I went to Nashville probably about six months ago and I’ve always wanted to make a record in this vein,” Posty said in an interview at the awards show, which takes place at the Ford Center in Frisco, Texas. “I’m having so much fun and I love the people that I get to write with in Nashville. It’s the most amazing time.”','\r',char(13)),'\n',char(10)),12,'https://static.stereogum.com/uploads/2024/05/GettyImages-2153312964-1715912768-1000x667.jpg','2024-05-16');
INSERT INTO wisapp_news VALUES(9,'BAD BUNNY SWARMED BY FANS & PHONES IN NASHVILLE Looking Like Mad Bunny',replace(replace('Bad Bunny looked stressed as hell while being swarmed by eager fans taking pics of him after his Nashville gig Saturday ... and he definitely wasn''t jumping at the chance to pose.\r\n\r\nHis face says it all in this clip ... the rapper clearly wanted some chill time after rocking Tennessee''s Bridgestone Arena for his "Most Wanted" tour stop ... but instead found himself in a sea of people with their phones out, making this stroll a full-blown obstacle course.\r\nYou can see at one point that BB throws in the towel on trying to dodge snaps, letting fans take their pics and film him -- but he wasn''t exactly flashing smiles along the way.\r\n\r\nIn fact, he really looks downright miserable -- not that his determined fans noticed much.','\r',char(13)),'\n',char(10)),7,'https://imagez.tmz.com/image/9a/4by3/2023/01/02/9a2d2510c1d14ecead70c8f2b74d705e_md.jpg','2024-05-13');
INSERT INTO wisapp_news VALUES(10,'WATCH: Snow Tha Product Joins Bizarrap in Mexico City Concert',replace(replace('Bizarrap performed in his first headlining concert in Mexico City on Saturday night (May 11). To commemorate the big moment, the Argentine superstar brought out Mexican-American rapper Snow Tha Product as his special guest.\r\n\r\nThanks to the success of his “BZRP Music Sessions” on YouTube, Bizarrap has positioned himself as the top artist from Argentina. In the past few years, the producer has worked with artists like Shakira, Residente, Peso Pluma, and Villano Antillano on hit music sessions. Before the big-ticketed collaborations, Bizarrap had gone viral with sessions featuring women like Nathy Peluso, Nicki Nicole, and Snow Tha Product. With over 39 million monthly listeners on Spotify, everyone is clamoring to work with him now.\r\n\r\nEarlier this year, Bizarrap embarked on his Live Tour 2024. He has performed in concerts and music festivals around the world, including Coachella, which featured a surprise appearance from Shakira. Over the weekend, Bizarrap performed at the Pepsi Center WTC in Mexico City for over 8,000 people. In honor of being in Mexico, he brought out a special guest perfect for the occasion — Snow Tha Product. She joined him onstage and ripped through her Spanglish verses from “BZRP Music Sessions #39,” which has over 248 million views on YouTube.','\r',char(13)),'\n',char(10)),14,'https://remezcla.com/wp-content/uploads/2024/05/header-snow-tha-product-bzrp-1050x1050.jpg','2024-05-13');
DELETE FROM sqlite_sequence;
INSERT INTO sqlite_sequence VALUES('django_migrations',42);
INSERT INTO sqlite_sequence VALUES('django_admin_log',99);
INSERT INTO sqlite_sequence VALUES('django_content_type',12);
INSERT INTO sqlite_sequence VALUES('auth_permission',48);
INSERT INTO sqlite_sequence VALUES('auth_group',0);
INSERT INTO sqlite_sequence VALUES('auth_user',6);
INSERT INTO sqlite_sequence VALUES('wisapp_userprofile',5);
INSERT INTO sqlite_sequence VALUES('wisapp_userprofile_upcoming_events',9);
INSERT INTO sqlite_sequence VALUES('wisapp_event',10);
INSERT INTO sqlite_sequence VALUES('wisapp_artist',14);
INSERT INTO sqlite_sequence VALUES('wisapp_userprofile_favorite_artists',10);
INSERT INTO sqlite_sequence VALUES('wisapp_album',19);
INSERT INTO sqlite_sequence VALUES('wisapp_news',10);
INSERT INTO sqlite_sequence VALUES('wisapp_userprofile_favorite_albums',8);
CREATE UNIQUE INDEX "auth_group_permissions_group_id_permission_id_0cd325b0_uniq" ON "auth_group_permissions" ("group_id", "permission_id");
CREATE INDEX "auth_group_permissions_group_id_b120cbf9" ON "auth_group_permissions" ("group_id");
CREATE INDEX "auth_group_permissions_permission_id_84c5c92e" ON "auth_group_permissions" ("permission_id");
CREATE UNIQUE INDEX "auth_user_groups_user_id_group_id_94350c0c_uniq" ON "auth_user_groups" ("user_id", "group_id");
CREATE INDEX "auth_user_groups_user_id_6a12ed8b" ON "auth_user_groups" ("user_id");
CREATE INDEX "auth_user_groups_group_id_97559544" ON "auth_user_groups" ("group_id");
CREATE UNIQUE INDEX "auth_user_user_permissions_user_id_permission_id_14a6b632_uniq" ON "auth_user_user_permissions" ("user_id", "permission_id");
CREATE INDEX "auth_user_user_permissions_user_id_a95ead1b" ON "auth_user_user_permissions" ("user_id");
CREATE INDEX "auth_user_user_permissions_permission_id_1fbb5f2c" ON "auth_user_user_permissions" ("permission_id");
CREATE INDEX "django_admin_log_content_type_id_c4bce8eb" ON "django_admin_log" ("content_type_id");
CREATE INDEX "django_admin_log_user_id_c564eba6" ON "django_admin_log" ("user_id");
CREATE UNIQUE INDEX "django_content_type_app_label_model_76bd3d3b_uniq" ON "django_content_type" ("app_label", "model");
CREATE UNIQUE INDEX "auth_permission_content_type_id_codename_01ab375a_uniq" ON "auth_permission" ("content_type_id", "codename");
CREATE INDEX "auth_permission_content_type_id_2f476e4b" ON "auth_permission" ("content_type_id");
CREATE INDEX "django_session_expire_date_a5c62663" ON "django_session" ("expire_date");
CREATE UNIQUE INDEX "wisapp_userprofile_upcoming_events_userprofile_id_event_id_333ace62_uniq" ON "wisapp_userprofile_upcoming_events" ("userprofile_id", "event_id");
CREATE INDEX "wisapp_userprofile_upcoming_events_userprofile_id_01a11f78" ON "wisapp_userprofile_upcoming_events" ("userprofile_id");
CREATE INDEX "wisapp_userprofile_upcoming_events_event_id_c6fb9976" ON "wisapp_userprofile_upcoming_events" ("event_id");
CREATE INDEX "wisapp_album_artist_id_1c1e9246" ON "wisapp_album" ("artist_id");
CREATE UNIQUE INDEX "wisapp_userprofile_favorite_artists_userprofile_id_artist_id_cc44c8b6_uniq" ON "wisapp_userprofile_favorite_artists" ("userprofile_id", "artist_id");
CREATE INDEX "wisapp_userprofile_favorite_artists_userprofile_id_eb6a9e4e" ON "wisapp_userprofile_favorite_artists" ("userprofile_id");
CREATE INDEX "wisapp_userprofile_favorite_artists_artist_id_4b7df34e" ON "wisapp_userprofile_favorite_artists" ("artist_id");
CREATE INDEX "wisapp_event_artist_name_id_68256edc" ON "wisapp_event" ("artist_name_id");
CREATE UNIQUE INDEX "wisapp_userprofile_favorite_albums_userprofile_id_album_id_abe1fea5_uniq" ON "wisapp_userprofile_favorite_albums" ("userprofile_id", "album_id");
CREATE INDEX "wisapp_userprofile_favorite_albums_userprofile_id_df445343" ON "wisapp_userprofile_favorite_albums" ("userprofile_id");
CREATE INDEX "wisapp_userprofile_favorite_albums_album_id_253ee6c1" ON "wisapp_userprofile_favorite_albums" ("album_id");
CREATE INDEX "wisapp_news_artist_id_21c74f09" ON "wisapp_news" ("artist_id");
COMMIT;
